{
  "200w/50%": {
    "mean": 1.0062752636599215,
    "max": 0.9693414046591297,
    "mean_max": 0.9212367381209577,
    "first_last": 0.9425182396814579,
    "weighted_position": 0.9770596121554767,
    "percentile_25_75": 0.9199436975396794,
    "mean_std": 0.9306937549939325,
    "top2_norm": 0.9985557834366898,
    "min_max": 0.9472387266573888,
    "first_middle_last": 0.9197225021474408
  },
  "200w/75%": {
    "mean": 0.9975421877749713,
    "max": 0.9971624742120335,
    "mean_max": 0.9258722891678145,
    "first_last": 0.9309485644409746,
    "weighted_position": 0.9883302112360854,
    "percentile_25_75": 0.9181005722268439,
    "mean_std": 0.9486105572401268,
    "top2_norm": 0.9946773454740448,
    "min_max": 0.9475815090841744,
    "first_middle_last": 0.9247956284226634
  },
  "100w/50%": {
    "mean": 1.0062213340104915,
    "max": 0.9792622896857236,
    "mean_max": 0.9322452916032744,
    "first_last": 0.9438116061481047,
    "weighted_position": 0.9999967404168881,
    "percentile_25_75": 0.928522336616482,
    "mean_std": 0.9310814548622478,
    "top2_norm": 0.9966421775666231,
    "min_max": 0.9231352453385835,
    "first_middle_last": 0.9180700622258327
  },
  "100w/75%": {
    "mean": 0.9776732923337074,
    "max": 0.9978213509320817,
    "mean_max": 0.937835217340962,
    "first_last": 0.9319287746092736,
    "weighted_position": 0.9724979735724814,
    "percentile_25_75": 0.9246372914427406,
    "mean_std": 0.9380890577510521,
    "top2_norm": 0.9820948312610457,
    "min_max": 0.9266896605878681,
    "first_middle_last": 0.9205164980543996
  },
  "300w/50%": {
    "mean": 0.990691409303949,
    "max": 0.9779025331620886,
    "mean_max": 0.9164118713392563,
    "first_last": 0.9225039173077633,
    "weighted_position": 0.990326651906991,
    "percentile_25_75": 0.934944582812158,
    "mean_std": 0.9362702674263127,
    "top2_norm": 0.9960388226823493,
    "min_max": 0.9371945524201805,
    "first_middle_last": 0.9264434386631509
  }
}