{
  "minilm": {
    "accuracy": 0.9578947368421052,
    "f1": 0.9560439560439561,
    "precision": 0.9354838709677419,
    "recall": 0.9775280898876404,
    "avg_inference_ms": 3.7953577543559827,
    "p50_inference_ms": 2.6924610137939453,
    "p95_inference_ms": 4.858255386352539,
    "confusion_matrix": [
      [
        95,
        6
      ],
      [
        2,
        87
      ]
    ]
  },
  "qwen-lora": {
    "accuracy": 0.9526315789473684,
    "f1": 0.9502762430939227,
    "precision": 0.9347826086956522,
    "recall": 0.9662921348314607,
    "avg_inference_ms": 17.259681852240313,
    "p50_inference_ms": 16.70098304748535,
    "p95_inference_ms": 21.779537200927734,
    "confusion_matrix": [
      [
        95,
        6
      ],
      [
        3,
        86
      ]
    ]
  },
  "distilbert": {
    "accuracy": 0.9789473684210527,
    "f1": 0.9777777777777777,
    "precision": 0.967032967032967,
    "recall": 0.9887640449438202,
    "avg_inference_ms": 1.7743863557514392,
    "p50_inference_ms": 1.3706684112548828,
    "p95_inference_ms": 2.8586387634277344,
    "confusion_matrix": [
      [
        98,
        3
      ],
      [
        1,
        88
      ]
    ]
  },
  "xlm-roberta": {
    "accuracy": 0.9736842105263158,
    "f1": 0.9723756906077348,
    "precision": 0.9565217391304348,
    "recall": 0.9887640449438202,
    "avg_inference_ms": 3.9390187514455697,
    "p50_inference_ms": 3.9691925048828125,
    "p95_inference_ms": 5.593061447143555,
    "confusion_matrix": [
      [
        97,
        4
      ],
      [
        1,
        88
      ]
    ]
  }
}