{
  "filter": "filters\\investment-risk\\v4",
  "num_training_examples": 3902,
  "dimension_names": [
    "macro_risk_severity",
    "credit_market_stress",
    "market_sentiment_extremes",
    "valuation_risk",
    "policy_regulatory_risk",
    "systemic_risk",
    "evidence_quality",
    "actionability"
  ],
  "correlation_analysis": {
    "correlation_matrix": [
      [
        1.0,
        0.92628702670227,
        0.894772812835772,
        0.9078893250988543,
        0.8705238818209785,
        0.9717049670462069,
        0.7569712492648154,
        0.9501482059587217
      ],
      [
        0.9262870267022701,
        0.9999999999999999,
        0.8366550248888818,
        0.8483563919856703,
        0.8029195437573002,
        0.957594909714361,
        0.6797113237322739,
        0.8746823744625832
      ],
      [
        0.894772812835772,
        0.8366550248888818,
        0.9999999999999998,
        0.8818582955597527,
        0.73395805398982,
        0.9006251180592252,
        0.7164298904287546,
        0.9342273523334856
      ],
      [
        0.9078893250988543,
        0.8483563919856701,
        0.8818582955597526,
        0.9999999999999999,
        0.828433489958938,
        0.8960138949756778,
        0.766196315755001,
        0.9222263134013075
      ],
      [
        0.8705238818209785,
        0.8029195437573002,
        0.7339580539898198,
        0.8284334899589381,
        1.0,
        0.8594517575833335,
        0.7292289827390288,
        0.8395209678008534
      ],
      [
        0.971704967046207,
        0.957594909714361,
        0.9006251180592251,
        0.8960138949756778,
        0.8594517575833335,
        0.9999999999999998,
        0.7573157206629211,
        0.9436984688326846
      ],
      [
        0.7569712492648155,
        0.6797113237322738,
        0.7164298904287547,
        0.7661963157550009,
        0.7292289827390287,
        0.7573157206629211,
        1.0,
        0.7978146508163483
      ],
      [
        0.9501482059587216,
        0.8746823744625833,
        0.9342273523334857,
        0.9222263134013075,
        0.8395209678008533,
        0.9436984688326846,
        0.7978146508163484,
        1.0
      ]
    ],
    "dimension_names": [
      "macro_risk_severity",
      "credit_market_stress",
      "market_sentiment_extremes",
      "valuation_risk",
      "policy_regulatory_risk",
      "systemic_risk",
      "evidence_quality",
      "actionability"
    ],
    "high_correlation_pairs": [
      {
        "dim1": "macro_risk_severity",
        "dim2": "systemic_risk",
        "correlation": 0.9717049670462069,
        "strength": "very high"
      },
      {
        "dim1": "credit_market_stress",
        "dim2": "systemic_risk",
        "correlation": 0.957594909714361,
        "strength": "very high"
      },
      {
        "dim1": "macro_risk_severity",
        "dim2": "actionability",
        "correlation": 0.9501482059587217,
        "strength": "very high"
      },
      {
        "dim1": "systemic_risk",
        "dim2": "actionability",
        "correlation": 0.9436984688326846,
        "strength": "very high"
      },
      {
        "dim1": "market_sentiment_extremes",
        "dim2": "actionability",
        "correlation": 0.9342273523334856,
        "strength": "very high"
      },
      {
        "dim1": "macro_risk_severity",
        "dim2": "credit_market_stress",
        "correlation": 0.92628702670227,
        "strength": "very high"
      },
      {
        "dim1": "valuation_risk",
        "dim2": "actionability",
        "correlation": 0.9222263134013075,
        "strength": "very high"
      },
      {
        "dim1": "macro_risk_severity",
        "dim2": "valuation_risk",
        "correlation": 0.9078893250988543,
        "strength": "very high"
      },
      {
        "dim1": "market_sentiment_extremes",
        "dim2": "systemic_risk",
        "correlation": 0.9006251180592252,
        "strength": "very high"
      },
      {
        "dim1": "valuation_risk",
        "dim2": "systemic_risk",
        "correlation": 0.8960138949756778,
        "strength": "high"
      },
      {
        "dim1": "macro_risk_severity",
        "dim2": "market_sentiment_extremes",
        "correlation": 0.894772812835772,
        "strength": "high"
      },
      {
        "dim1": "market_sentiment_extremes",
        "dim2": "valuation_risk",
        "correlation": 0.8818582955597527,
        "strength": "high"
      },
      {
        "dim1": "credit_market_stress",
        "dim2": "actionability",
        "correlation": 0.8746823744625832,
        "strength": "high"
      },
      {
        "dim1": "macro_risk_severity",
        "dim2": "policy_regulatory_risk",
        "correlation": 0.8705238818209785,
        "strength": "high"
      },
      {
        "dim1": "policy_regulatory_risk",
        "dim2": "systemic_risk",
        "correlation": 0.8594517575833335,
        "strength": "high"
      },
      {
        "dim1": "credit_market_stress",
        "dim2": "valuation_risk",
        "correlation": 0.8483563919856703,
        "strength": "high"
      },
      {
        "dim1": "policy_regulatory_risk",
        "dim2": "actionability",
        "correlation": 0.8395209678008534,
        "strength": "high"
      },
      {
        "dim1": "credit_market_stress",
        "dim2": "market_sentiment_extremes",
        "correlation": 0.8366550248888818,
        "strength": "high"
      },
      {
        "dim1": "valuation_risk",
        "dim2": "policy_regulatory_risk",
        "correlation": 0.828433489958938,
        "strength": "high"
      },
      {
        "dim1": "credit_market_stress",
        "dim2": "policy_regulatory_risk",
        "correlation": 0.8029195437573002,
        "strength": "high"
      },
      {
        "dim1": "evidence_quality",
        "dim2": "actionability",
        "correlation": 0.7978146508163483,
        "strength": "high"
      },
      {
        "dim1": "valuation_risk",
        "dim2": "evidence_quality",
        "correlation": 0.766196315755001,
        "strength": "high"
      },
      {
        "dim1": "systemic_risk",
        "dim2": "evidence_quality",
        "correlation": 0.7573157206629211,
        "strength": "high"
      },
      {
        "dim1": "macro_risk_severity",
        "dim2": "evidence_quality",
        "correlation": 0.7569712492648154,
        "strength": "high"
      },
      {
        "dim1": "market_sentiment_extremes",
        "dim2": "policy_regulatory_risk",
        "correlation": 0.73395805398982,
        "strength": "high"
      },
      {
        "dim1": "policy_regulatory_risk",
        "dim2": "evidence_quality",
        "correlation": 0.7292289827390288,
        "strength": "high"
      },
      {
        "dim1": "market_sentiment_extremes",
        "dim2": "evidence_quality",
        "correlation": 0.7164298904287546,
        "strength": "high"
      }
    ]
  },
  "pca_analysis": {
    "variance_explained": [
      0.8705595939757055,
      0.047790953387252734,
      0.03462485642133763,
      0.02125080781250118,
      0.012818620085430617,
      0.0066170857122754565,
      0.004035727276850511,
      0.002302355328646551
    ],
    "cumulative_variance": [
      0.8705595939757055,
      0.9183505473629582,
      0.9529754037842958,
      0.974226211596797,
      0.9870448316822277,
      0.9936619173945032,
      0.9976976446713537,
      1.0000000000000002
    ],
    "n_components_90": 2,
    "n_components_95": 3,
    "n_components_99": 6,