{
  "filter": "sustainability_technology_v1",
  "samples": 100,
  "dimensions": [
    "technology_readiness_level",
    "technical_performance",
    "economic_competitiveness",
    "life_cycle_environmental_impact",
    "social_equity_impact",
    "governance_systemic_impact"
  ],
  "statistics": {
    "technology_readiness_level": {
      "mean": 4.395,
      "std": 2.6807601533893326,
      "min": 0.0,
      "max": 9.0
    },
    "technical_performance": {
      "mean": 4.49,
      "std": 2.2326889617678503,
      "min": 0.0,
      "max": 7.5
    },
    "economic_competitiveness": {
      "mean": 2.79,
      "std": 1.9661892075789653,
      "min": 0.0,
      "max": 7.0
    },
    "life_cycle_environmental_impact": {
      "mean": 2.51,
      "std": 1.3747363383572868,
      "min": 0.0,
      "max": 7.0
    },
    "social_equity_impact": {
      "mean": 2.68,
      "std": 1.65607970822663,
      "min": 0.0,
      "max": 7.5
    },
    "governance_systemic_impact": {
      "mean": 3.71,
      "std": 2.113267612016992,
      "min": 0.0,
      "max": 7.0
    }
  },
  "correlation_matrix": [
    [
      1.0,
      0.5131652800607511,
      0.7632404297683056,
      0.46496408613726686,
      0.43391760840513616,
      0.5382986637546969
    ],
    [
      0.5131652800607511,
      1.0,
      0.602042565499113,
      0.5196851143621819,
      0.4372671374238636,
      0.5684499646312465
    ],
    [
      0.7632404297683058,
      0.602042565499113,
      1.0,
      0.6685554992291619,
      0.5475150754166487,
      0.6929101841902516
    ],
    [
      0.46496408613726686,
      0.5196851143621819,
      0.6685554992291619,
      1.0,
      0.6910083405507617,
      0.7083540112776449
    ],
    [
      0.4339176084051361,
      0.4372671374238636,
      0.5475150754166487,
      0.6910083405507617,
      0.9999999999999999,
      0.7678285527530966
    ],
    [
      0.5382986637546969,
      0.5684499646312465,
      0.6929101841902516,
      0.7083540112776447,
      0.7678285527530965,
      1.0
    ]
  ],
  "pca": {
    "variance_explained": [
      0.6649488813556282,
      0.12820442722211967,
      0.08568535154868943,
      0.05613588556338609,
      0.03791468816662973,
      0.02711076614354704
    ],
    "cumulative_variance": [
      0.6649488813556282,
      0.7931533085777479,
      0.8788386601264373,
      0.9349745456898234,
      0.9728892338564531,
      1.0000000000000002
    ],
    "pc1_variance_pct": 66.49488813556282,
    "n_dims_90pct": 4,
    "n_dims_95pct": 5,
    "redundancy_score_pct": 60.0
  },
  "assessment": {
    "independence": "moderate",
    "redundancy": "moderate"
  }
}