{
  "agency": {
    "total": 4954,
    "min": 1,
    "max": 10,
    "mean": 5.6552280985062575,
    "distribution": {
      "7": 1753,
      "5": 821,
      "3": 866,
      "6": 1258,
      "1": 10,
      "8": 131,
      "4": 53,
      "9": 12,
      "2": 48,
      "10": 2
    },
    "missing_scores": [],
    "sparse_scores": [
      1,
      2,
      4,
      8,
      9,
      10
    ],
    "warnings": [
      "Sparse coverage at: [1, 2, 4, 8, 9, 10]",
      "78% concentrated in middle (4-7)"
    ]
  },
  "progress": {
    "total": 4941,
    "min": 1,
    "max": 10,
    "mean": 5.510220603116778,
    "distribution": {
      "7": 1480,
      "4": 271,
      "3": 868,
      "5": 847,
      "6": 1112,
      "1": 40,
      "2": 60,
      "8": 257,
      "9": 5,
      "10": 1
    },
    "missing_scores": [],
    "sparse_scores": [
      1,
      2,
      9,
      10
    ],
    "warnings": [
      "Sparse coverage at: [1, 2, 9, 10]",
      "75% concentrated in middle (4-7)"
    ]
  },
  "collective_benefit": {
    "total": 4980,
    "min": 1,
    "max": 10,
    "mean": 6.2757028112449795,
    "distribution": {
      "8": 734,
      "5": 689,
      "6": 823,
      "3": 388,
      "7": 2128,
      "4": 125,
      "1": 23,
      "9": 37,
      "2": 31,
      "10": 2
    },
    "missing_scores": [],
    "sparse_scores": [
      1,
      2,
      4,
      9,
      10
    ],
    "warnings": [
      "Sparse coverage at: [1, 2, 4, 9, 10]",
      "76% concentrated in middle (4-7)"
    ]
  },
  "connection": {
    "total": 4614,
    "min": 1,
    "max": 10,
    "mean": 4.094495015171218,
    "distribution": {
      "6": 206,
      "3": 1584,
      "4": 308,
      "5": 1990,
      "2": 359,
      "1": 36,
      "9": 11,
      "7": 93,
      "8": 26,
      "10": 1
    },
    "missing_scores": [],
    "sparse_scores": [
      1,
      6,
      7,
      8,
      9,
      10
    ],
    "warnings": [
      "Sparse coverage at: [1, 6, 7, 8, 9, 10]"
    ]
  },
  "innovation": {
    "total": 4724,
    "min": 1,
    "max": 10,
    "mean": 5.502751905165114,
    "distribution": {
      "8": 939,
      "3": 856,
      "7": 1009,
      "2": 418,
      "4": 396,
      "6": 543,
      "5": 412,
      "1": 31,
      "9": 117,
      "10": 3
    },
    "missing_scores": [],
    "sparse_scores": [
      1,
      9,
      10
    ],
    "warnings": [
      "Sparse coverage at: [1, 9, 10]"
    ]
  },
  "justice": {
    "total": 4026,
    "min": 1,
    "max": 10,
    "mean": 3.5193740685543964,
    "distribution": {
      "6": 227,
      "4": 401,
      "3": 2285,
      "2": 455,
      "5": 489,
      "1": 36,
      "7": 109,
      "8": 23,
      "10": 1
    },
    "missing_scores": [
      9
    ],
    "sparse_scores": [
      1,
      7,
      8,
      10
    ],
    "warnings": [
      "Missing scores: [9]",
      "Sparse coverage at: [1, 7, 8, 10]"
    ]
  },
  "resilience": {
    "total": 4278,
    "min": 1,
    "max": 10,
    "mean": 4.488546049555867,
    "distribution": {
      "3": 805,
      "6": 501,
      "5": 1662,
      "4": 889,
      "1": 34,
      "7": 172,
      "2": 175,
      "8": 35,
      "10": 2,
      "9": 3
    },
    "missing_scores": [],
    "sparse_scores": [
      1,
      2,
      7,
      8,
      9,
      10
    ],
    "warnings": [
      "Sparse coverage at: [1, 2, 7, 8, 9, 10]",
      "75% concentrated in middle (4-7)"
    ]
  },
  "wonder": {
    "total": 4640,
    "min": 1,
    "max": 10,
    "mean": 4.713577586206896,
    "distribution": {
      "6": 1103,
      "2": 490,
      "3": 978,
      "5": 1134,
      "7": 599,
      "4": 241,
      "1": 36,
      "8": 56,
      "10": 1,
      "9": 2
    },
    "missing_scores": [],
    "sparse_scores": [
      1,
      8,
      9,
      10
    ],
    "warnings": [
      "Sparse coverage at: [1, 8, 9, 10]"
    ]
  }
}