{
  "agency": {
    "total": 3960,
    "min": 1,
    "max": 10,
    "mean": 5.666919191919192,
    "distribution": {
      "7": 1422,
      "5": 675,
      "3": 683,
      "6": 971,
      "1": 8,
      "8": 111,
      "4": 45,
      "9": 9,
      "2": 35,
      "10": 1
    },
    "missing_scores": [],
    "sparse_scores": [
      1,
      2,
      4,
      8,
      9,
      10
    ],
    "warnings": [
      "Sparse coverage at: [1, 2, 4, 8, 9, 10]",
      "79% concentrated in middle (4-7)"
    ]
  },
  "progress": {
    "total": 3954,
    "min": 1,
    "max": 10,
    "mean": 5.51896813353566,
    "distribution": {
      "7": 1221,
      "4": 220,
      "3": 697,
      "5": 684,
      "6": 846,
      "1": 30,
      "2": 46,
      "8": 205,
      "9": 4,
      "10": 1
    },
    "missing_scores": [],
    "sparse_scores": [
      1,
      2,
      9,
      10
    ],
    "warnings": [
      "Sparse coverage at: [1, 2, 9, 10]",
      "75% concentrated in middle (4-7)"
    ]
  },
  "collective_benefit": {
    "total": 3985,
    "min": 1,
    "max": 10,
    "mean": 6.283563362609787,
    "distribution": {
      "8": 611,
      "5": 550,
      "6": 658,
      "3": 310,
      "7": 1680,
      "4": 99,
      "1": 19,
      "9": 31,
      "2": 25,
      "10": 2
    },
    "missing_scores": [],
    "sparse_scores": [
      1,
      2,
      4,
      9,
      10
    ],
    "warnings": [
      "Sparse coverage at: [1, 2, 4, 9, 10]",
      "75% concentrated in middle (4-7)"
    ]
  },
  "connection": {
    "total": 3692,
    "min": 1,
    "max": 10,
    "mean": 4.108342361863489,
    "distribution": {
      "6": 163,
      "3": 1255,
      "4": 240,
      "5": 1604,
      "2": 290,
      "1": 27,
      "9": 11,
      "7": 79,
      "8": 22,
      "10": 1
    },
    "missing_scores": [],
    "sparse_scores": [
      1,
      6,
      7,
      8,
      9,
      10
    ],
    "warnings": [
      "Sparse coverage at: [1, 6, 7, 8, 9, 10]"
    ]
  },
  "innovation": {
    "total": 3777,
    "min": 1,
    "max": 10,
    "mean": 5.513105639396346,
    "distribution": {
      "8": 780,
      "3": 681,
      "7": 785,
      "2": 344,
      "4": 309,
      "6": 428,
      "5": 329,
      "1": 23,
      "9": 95,
      "10": 3
    },
    "missing_scores": [],
    "sparse_scores": [
      1,
      9,
      10
    ],
    "warnings": [
      "Sparse coverage at: [1, 9, 10]"
    ]
  },
  "justice": {
    "total": 3215,
    "min": 1,
    "max": 10,
    "mean": 3.5349922239502334,
    "distribution": {
      "6": 184,
      "4": 319,
      "3": 1827,
      "2": 351,
      "5": 397,
      "1": 27,
      "7": 92,
      "8": 17,
      "10": 1
    },
    "missing_scores": [
      9
    ],
    "sparse_scores": [
      1,
      7,
      8,
      10
    ],
    "warnings": [
      "Missing scores: [9]",
      "Sparse coverage at: [1, 7, 8, 10]"
    ]
  },
  "resilience": {
    "total": 3426,
    "min": 1,
    "max": 10,
    "mean": 4.490075890251021,
    "distribution": {
      "3": 655,
      "6": 412,
      "5": 1328,
      "4": 707,
      "1": 26,
      "7": 144,
      "2": 132,
      "8": 19,
      "10": 1,
      "9": 2
    },
    "missing_scores": [],
    "sparse_scores": [
      1,
      2,
      7,
      8,
      9,
      10
    ],
    "warnings": [
      "Sparse coverage at: [1, 2, 7, 8, 9, 10]",
      "76% concentrated in middle (4-7)"
    ]
  },
  "wonder": {
    "total": 3713,
    "min": 1,
    "max": 10,
    "mean": 4.708052787503367,
    "distribution": {
      "6": 894,
      "2": 394,
      "3": 801,
      "5": 892,
      "7": 475,
      "4": 186,
      "1": 25,
      "8": 43,
      "10": 1,
      "9": 2
    },
    "missing_scores": [],
    "sparse_scores": [
      1,
      8,
      9,
      10
    ],
    "warnings": [
      "Sparse coverage at: [1, 8, 9, 10]"
    ]
  }
}