{
  "agency": {
    "total": 9907,
    "min": 1,
    "max": 10,
    "mean": 5.668517210053498,
    "distribution": {
      "7": 3480,
      "5": 1686,
      "3": 1686,
      "6": 2515,
      "1": 32,
      "8": 290,
      "4": 109,
      "9": 26,
      "2": 79,
      "10": 4
    },
    "missing_scores": [],
    "sparse_scores": [
      1,
      2,
      4,
      8,
      9,
      10
    ],
    "warnings": [
      "Sparse coverage at: [1, 2, 4, 8, 9, 10]",
      "79% concentrated in middle (4-7)"
    ]
  },
  "progress": {
    "total": 9889,
    "min": 1,
    "max": 10,
    "mean": 5.527050257862271,
    "distribution": {
      "7": 2974,
      "4": 551,
      "3": 1685,
      "5": 1730,
      "6": 2219,
      "1": 78,
      "2": 117,
      "8": 514,
      "9": 18,
      "10": 3
    },
    "missing_scores": [],
    "sparse_scores": [
      1,
      2,
      9,
      10
    ],
    "warnings": [
      "Sparse coverage at: [1, 2, 9, 10]",
      "76% concentrated in middle (4-7)"
    ]
  },
  "collective_benefit": {
    "total": 9957,
    "min": 1,
    "max": 10,
    "mean": 6.29717786481872,
    "distribution": {
      "8": 1503,
      "5": 1338,
      "6": 1664,
      "3": 751,
      "7": 4268,
      "4": 246,
      "1": 52,
      "9": 72,
      "2": 55,
      "10": 8
    },
    "missing_scores": [],
    "sparse_scores": [
      1,
      2,
      4,
      9,
      10
    ],
    "warnings": [
      "Sparse coverage at: [1, 2, 4, 9, 10]",
      "75% concentrated in middle (4-7)"
    ]
  },
  "connection": {
    "total": 9250,
    "min": 1,
    "max": 10,
    "mean": 4.116972972972973,
    "distribution": {
      "6": 429,
      "3": 3120,
      "4": 600,
      "5": 4047,
      "2": 707,
      "1": 72,
      "9": 17,
      "7": 200,
      "8": 53,
      "10": 5
    },
    "missing_scores": [],
    "sparse_scores": [
      1,
      6,
      7,
      8,
      9,
      10
    ],
    "warnings": [
      "Sparse coverage at: [1, 6, 7, 8, 9, 10]"
    ]
  },
  "innovation": {
    "total": 9456,
    "min": 1,
    "max": 10,
    "mean": 5.514065143824027,
    "distribution": {
      "8": 1884,
      "3": 1681,
      "7": 2047,
      "2": 845,
      "4": 792,
      "6": 1109,
      "5": 796,
      "1": 65,
      "9": 230,
      "10": 7
    },
    "missing_scores": [],
    "sparse_scores": [
      1,
      9,
      10
    ],
    "warnings": [
      "Sparse coverage at: [1, 9, 10]"
    ]
  },
  "justice": {
    "total": 8052,
    "min": 1,
    "max": 10,
    "mean": 3.5233482364629904,
    "distribution": {
      "6": 471,
      "4": 808,
      "3": 4558,
      "2": 900,
      "5": 998,
      "1": 71,
      "7": 197,
      "8": 46,
      "10": 3
    },
    "missing_scores": [
      9
    ],
    "sparse_scores": [
      1,
      7,
      8,
      10
    ],
    "warnings": [
      "Missing scores: [9]",
      "Sparse coverage at: [1, 7, 8, 10]"
    ]
  },
  "resilience": {
    "total": 8556,
    "min": 1,
    "max": 10,
    "mean": 4.4968443197755965,
    "distribution": {
      "3": 1570,
      "6": 989,
      "5": 3347,
      "4": 1805,
      "1": 68,
      "7": 340,
      "2": 348,
      "8": 73,
      "10": 4,
      "9": 12
    },
    "missing_scores": [],
    "sparse_scores": [
      1,
      2,
      7,
      8,
      9,
      10
    ],
    "warnings": [
      "Sparse coverage at: [1, 2, 7, 8, 9, 10]",
      "76% concentrated in middle (4-7)"
    ]
  },
  "wonder": {
    "total": 9311,
    "min": 1,
    "max": 10,
    "mean": 4.733218773493717,
    "distribution": {
      "6": 2241,
      "2": 956,
      "3": 1979,
      "5": 2230,
      "7": 1239,
      "4": 468,
      "1": 74,
      "8": 112,
      "10": 3,
      "9": 9
    },
    "missing_scores": [],
    "sparse_scores": [
      1,
      8,
      9,
      10
    ],
    "warnings": [
      "Sparse coverage at: [1, 8, 9, 10]"
    ]
  }
}