{
  "agency": {
    "total": 10130,
    "min": 1,
    "max": 10,
    "mean": 6.332675222112537,
    "distribution": {
      "7": 5080,
      "6": 3047,
      "5": 1011,
      "3": 479,
      "8": 402,
      "9": 35,
      "1": 3,
      "4": 64,
      "2": 8,
      "10": 1
    },
    "missing_scores": [],
    "sparse_scores": [
      1,
      2,
      3,
      4,
      8,
      9,
      10
    ],
    "warnings": [
      "Sparse coverage at: [1, 2, 3, 4, 8, 9, 10]",
      "91% concentrated in middle (4-7)"
    ]
  },
  "progress": {
    "total": 10127,
    "min": 1,
    "max": 10,
    "mean": 6.326849017478029,
    "distribution": {
      "7": 4752,
      "5": 1066,
      "4": 267,
      "6": 2628,
      "3": 502,
      "8": 863,
      "2": 22,
      "9": 19,
      "1": 7,
      "10": 1
    },
    "missing_scores": [],
    "sparse_scores": [
      1,
      2,
      3,
      4,
      9,
      10
    ],
    "warnings": [
      "Sparse coverage at: [1, 2, 3, 4, 9, 10]",
      "86% concentrated in middle (4-7)"
    ]
  },
  "collective_benefit": {
    "total": 10137,
    "min": 1,
    "max": 10,
    "mean": 6.926704153102496,
    "distribution": {
      "8": 2180,
      "7": 5908,
      "5": 470,
      "3": 172,
      "1": 8,
      "6": 1209,
      "4": 79,
      "9": 102,
      "2": 4,
      "10": 5
    },
    "missing_scores": [],
    "sparse_scores": [
      1,
      2,
      3,
      4,
      5,
      9,
      10
    ],
    "warnings": [
      "Sparse coverage at: [1, 2, 3, 4, 5, 9, 10]",
      "76% concentrated in middle (4-7)"
    ]
  },
  "connection": {
    "total": 9895,
    "min": 1,
    "max": 9,
    "mean": 4.586356745831228,
    "distribution": {
      "6": 582,
      "3": 2182,
      "4": 567,
      "5": 6092,
      "2": 150,
      "9": 15,
      "7": 240,
      "8": 62,
      "1": 5
    },
    "missing_scores": [
      10
    ],
    "sparse_scores": [
      1,
      2,
      7,
      8,
      9
    ],
    "warnings": [
      "Missing scores: [10]",
      "No examples of score 10 (max is 9)",
      "Sparse coverage at: [1, 2, 7, 8, 9]",
      "76% concentrated in middle (4-7)"
    ]
  },
  "innovation": {
    "total": 10055,
    "min": 1,
    "max": 10,
    "mean": 6.679264047737444,
    "distribution": {
      "8": 3354,
      "3": 621,
      "7": 3108,
      "6": 1246,
      "5": 729,
      "9": 380,
      "4": 453,
      "2": 156,
      "1": 4,
      "10": 4
    },
    "missing_scores": [],
    "sparse_scores": [
      1,
      2,
      4,
      9,
      10
    ],
    "warnings": [
      "Sparse coverage at: [1, 2, 4, 9, 10]"
    ]
  },
  "justice": {
    "total": 8220,
    "min": 1,
    "max": 8,
    "mean": 3.544038929440389,
    "distribution": {
      "4": 954,
      "3": 5384,
      "6": 403,
      "5": 1068,
      "2": 290,
      "8": 15,
      "7": 100,
      "1": 6
    },
    "missing_scores": [
      9,
      10
    ],
    "sparse_scores": [
      1,
      2,
      6,
      7,
      8
    ],
    "warnings": [
      "Missing scores: [9, 10]",
      "No examples of score 10 (max is 8)",
      "Sparse coverage at: [1, 2, 6, 7, 8]"
    ]
  },
  "resilience": {
    "total": 8860,
    "min": 1,
    "max": 10,
    "mean": 4.857562076749436,
    "distribution": {
      "5": 4551,
      "6": 1348,
      "4": 1713,
      "3": 750,
      "2": 92,
      "7": 314,
      "8": 72,
      "1": 6,
      "9": 11,
      "10": 3
    },
    "missing_scores": [],
    "sparse_scores": [
      1,
      2,
      7,
      8,
      9,
      10
    ],
    "warnings": [
      "Sparse coverage at: [1, 2, 7, 8, 9, 10]",
      "89% concentrated in middle (4-7)"
    ]
  },
  "wonder": {
    "total": 9936,
    "min": 1,
    "max": 9,
    "mean": 5.475845410628019,
    "distribution": {
      "6": 3474,
      "3": 952,
      "5": 2914,
      "7": 1891,
      "4": 415,
      "2": 174,
      "8": 103,
      "1": 6,
      "9": 7
    },
    "missing_scores": [
      10
    ],
    "sparse_scores": [
      1,
      2,
      4,
      8,
      9
    ],
    "warnings": [
      "Missing scores: [10]",
      "No examples of score 10 (max is 9)",
      "Sparse coverage at: [1, 2, 4, 8, 9]",
      "88% concentrated in middle (4-7)"
    ]
  }
}