{
  "agency": {
    "total": 19796,
    "min": 1,
    "max": 10,
    "mean": 5.6571024449383716,
    "distribution": {
      "7": 6881,
      "5": 3465,
      "3": 3357,
      "6": 5033,
      "1": 70,
      "8": 555,
      "4": 228,
      "9": 49,
      "2": 152,
      "10": 6
    },
    "missing_scores": [],
    "sparse_scores": [
      1,
      2,
      4,
      8,
      9,
      10
    ],
    "warnings": [
      "Sparse coverage at: [1, 2, 4, 8, 9, 10]",
      "79% concentrated in middle (4-7)"
    ]
  },
  "progress": {
    "total": 19758,
    "min": 1,
    "max": 10,
    "mean": 5.514120862435469,
    "distribution": {
      "7": 5917,
      "4": 1129,
      "3": 3375,
      "5": 3502,
      "6": 4429,
      "1": 154,
      "2": 234,
      "8": 986,
      "9": 26,
      "10": 6
    },
    "missing_scores": [],
    "sparse_scores": [
      1,
      2,
      8,
      9,
      10
    ],
    "warnings": [
      "Sparse coverage at: [1, 2, 8, 9, 10]",
      "76% concentrated in middle (4-7)"
    ]
  },
  "collective_benefit": {
    "total": 19903,
    "min": 1,
    "max": 10,
    "mean": 6.279807064261669,
    "distribution": {
      "8": 2985,
      "5": 2682,
      "6": 3398,
      "3": 1539,
      "7": 8415,
      "4": 498,
      "1": 118,
      "9": 147,
      "2": 107,
      "10": 14
    },
    "missing_scores": [],
    "sparse_scores": [
      1,
      2,
      4,
      9,
      10
    ],
    "warnings": [
      "Sparse coverage at: [1, 2, 4, 9, 10]",
      "75% concentrated in middle (4-7)"
    ]
  },
  "connection": {
    "total": 18497,
    "min": 1,
    "max": 10,
    "mean": 4.102340920149214,
    "distribution": {
      "6": 868,
      "3": 6335,
      "4": 1201,
      "5": 7990,
      "2": 1435,
      "1": 135,
      "9": 32,
      "7": 401,
      "8": 93,
      "10": 7
    },
    "missing_scores": [],
    "sparse_scores": [
      1,
      6,
      7,
      8,
      9,
      10
    ],
    "warnings": [
      "Sparse coverage at: [1, 6, 7, 8, 9, 10]"
    ]
  },
  "innovation": {
    "total": 18895,
    "min": 1,
    "max": 10,
    "mean": 5.491452765281821,
    "distribution": {
      "8": 3792,
      "3": 3388,
      "7": 3953,
      "2": 1722,
      "4": 1550,
      "6": 2226,
      "5": 1683,
      "1": 133,
      "9": 438,
      "10": 10
    },
    "missing_scores": [],
    "sparse_scores": [
      1,
      9,
      10
    ],
    "warnings": [
      "Sparse coverage at: [1, 9, 10]"
    ]
  },
  "justice": {
    "total": 16136,
    "min": 1,
    "max": 10,
    "mean": 3.513262270699058,
    "distribution": {
      "6": 929,
      "4": 1616,
      "3": 9162,
      "2": 1835,
      "5": 1976,
      "1": 136,
      "7": 386,
      "8": 91,
      "10": 5
    },
    "missing_scores": [
      9
    ],
    "sparse_scores": [
      1,
      7,
      8,
      10
    ],
    "warnings": [
      "Missing scores: [9]",
      "Sparse coverage at: [1, 7, 8, 10]"
    ]
  },
  "resilience": {
    "total": 17139,
    "min": 1,
    "max": 10,
    "mean": 4.483692164070249,
    "distribution": {
      "3": 3257,
      "6": 1911,
      "5": 6634,
      "4": 3592,
      "1": 133,
      "7": 728,
      "2": 711,
      "8": 145,
      "10": 8,
      "9": 20
    },
    "missing_scores": [],
    "sparse_scores": [
      1,
      2,
      7,
      8,
      9,
      10
    ],
    "warnings": [
      "Sparse coverage at: [1, 2, 7, 8, 9, 10]",
      "75% concentrated in middle (4-7)"
    ]
  },
  "wonder": {
    "total": 18647,
    "min": 1,
    "max": 10,
    "mean": 4.729822491553601,
    "distribution": {
      "6": 4392,
      "2": 1959,
      "3": 3962,
      "5": 4464,
      "7": 2537,
      "4": 925,
      "1": 147,
      "8": 239,
      "10": 5,
      "9": 17
    },
    "missing_scores": [],
    "sparse_scores": [
      1,
      4,
      8,
      9,
      10
    ],
    "warnings": [
      "Sparse coverage at: [1, 4, 8, 9, 10]"
    ]
  }
}