{
  "filter": "filters\\sustainability_tech_innovation\\v2",
  "num_training_examples": 3976,
  "dimension_names": [
    "deployment_maturity",
    "technology_performance",
    "cost_trajectory",
    "scale_of_deployment",
    "market_penetration",
    "technology_readiness",
    "supply_chain_maturity",
    "proof_of_impact"
  ],
  "correlation_analysis": {
    "correlation_matrix": [
      [
        1.0,
        0.9095703122112606,
        0.8487706713815661,
        0.943565708868845,
        0.9205620877045513,
        0.9549283969461853,
        0.8865917236956852,
        0.8843332383125666
      ],
      [
        0.9095703122112606,
        1.0,
        0.7990628116465839,
        0.865169088280458,
        0.8599770759145882,
        0.9445552108787428,
        0.7856029849116732,
        0.9251260245183546
      ],
      [
        0.848770671381566,
        0.799062811646584,
        0.9999999999999998,
        0.8184096008755543,
        0.8604231733946092,
        0.8377899813522673,
        0.84074809721542,
        0.7992589381147926
      ],
      [
        0.9435657088688449,
        0.8651690882804581,
        0.8184096008755543,
        0.9999999999999998,
        0.9388046353859203,
        0.9213456463720745,
        0.8765459513862114,
        0.8679962058592187
      ],
      [
        0.9205620877045513,
        0.8599770759145882,
        0.8604231733946093,
        0.9388046353859203,
        1.0,
        0.9070889359973974,
        0.8802895668133708,
        0.8607840519770212
      ],
      [
        0.9549283969461851,
        0.9445552108787428,
        0.8377899813522673,
        0.9213456463720745,
        0.9070889359973973,
        0.9999999999999999,
        0.8850211994368903,
        0.8919597614490721
      ],
      [
        0.8865917236956852,
        0.7856029849116734,
        0.84074809721542,
        0.8765459513862114,
        0.8802895668133707,
        0.8850211994368902,
        1.0,
        0.7633553508777281
      ],
      [
        0.8843332383125666,
        0.9251260245183545,
        0.7992589381147926,
        0.8679962058592188,
        0.8607840519770212,
        0.8919597614490722,
        0.763355350877728,
        1.0
      ]
    ],
    "dimension_names": [
      "deployment_maturity",
      "technology_performance",
      "cost_trajectory",
      "scale_of_deployment",
      "market_penetration",
      "technology_readiness",
      "supply_chain_maturity",
      "proof_of_impact"
    ],
    "high_correlation_pairs": [
      {
        "dim1": "deployment_maturity",
        "dim2": "technology_readiness",
        "correlation": 0.9549283969461853,
        "strength": "very high"
      },
      {
        "dim1": "technology_performance",
        "dim2": "technology_readiness",
        "correlation": 0.9445552108787428,
        "strength": "very high"
      },
      {
        "dim1": "deployment_maturity",
        "dim2": "scale_of_deployment",
        "correlation": 0.943565708868845,
        "strength": "very high"
      },
      {
        "dim1": "scale_of_deployment",
        "dim2": "market_penetration",
        "correlation": 0.9388046353859203,
        "strength": "very high"
      },
      {
        "dim1": "technology_performance",
        "dim2": "proof_of_impact",
        "correlation": 0.9251260245183546,
        "strength": "very high"
      },
      {
        "dim1": "scale_of_deployment",
        "dim2": "technology_readiness",
        "correlation": 0.9213456463720745,
        "strength": "very high"
      },
      {
        "dim1": "deployment_maturity",
        "dim2": "market_penetration",
        "correlation": 0.9205620877045513,
        "strength": "very high"
      },
      {
        "dim1": "deployment_maturity",
        "dim2": "technology_performance",
        "correlation": 0.9095703122112606,
        "strength": "very high"
      },
      {
        "dim1": "market_penetration",
        "dim2": "technology_readiness",
        "correlation": 0.9070889359973974,
        "strength": "very high"
      },
      {
        "dim1": "technology_readiness",
        "dim2": "proof_of_impact",
        "correlation": 0.8919597614490721,
        "strength": "high"
      },
      {
        "dim1": "deployment_maturity",
        "dim2": "supply_chain_maturity",
        "correlation": 0.8865917236956852,
        "strength": "high"
      },
      {
        "dim1": "technology_readiness",
        "dim2": "supply_chain_maturity",
        "correlation": 0.8850211994368903,
        "strength": "high"
      },
      {
        "dim1": "deployment_maturity",
        "dim2": "proof_of_impact",
        "correlation": 0.8843332383125666,
        "strength": "high"
      },
      {
        "dim1": "market_penetration",
        "dim2": "supply_chain_maturity",
        "correlation": 0.8802895668133708,
        "strength": "high"
      },
      {
        "dim1": "scale_of_deployment",
        "dim2": "supply_chain_maturity",
        "correlation": 0.8765459513862114,
        "strength": "high"
      },
      {
        "dim1": "scale_of_deployment",
        "dim2": "proof_of_impact",
        "correlation": 0.8679962058592187,
        "strength": "high"
      },
      {
        "dim1": "technology_performance",
        "dim2": "scale_of_deployment",
        "correlation": 0.865169088280458,
        "strength": "high"
      },
      {
        "dim1": "market_penetration",
        "dim2": "proof_of_impact",
        "correlation": 0.8607840519770212,
        "strength": "high"
      },
      {
        "dim1": "cost_trajectory",
        "dim2": "market_penetration",
        "correlation": 0.8604231733946092,
        "strength": "high"
      },
      {
        "dim1": "technology_performance",
        "dim2": "market_penetration",
        "correlation": 0.8599770759145882,
        "strength": "high"
      },
      {
        "dim1": "deployment_maturity",
        "dim2": "cost_trajectory",
        "correlation": 0.8487706713815661,
        "strength": "high"
      },
      {
        "dim1": "cost_trajectory",
        "dim2": "supply_chain_maturity",
        "correlation": 0.84074809721542,
        "strength": "high"
      },
      {
        "dim1": "cost_trajectory",
        "dim2": "technology_readiness",
        "correlation": 0.8377899813522673,
        "strength": "high"
      },
      {
        "dim1": "cost_trajectory",
        "dim2": "scale_of_deployment",
        "correlation": 0.8184096008755543,
        "strength": "high"
      },
      {
        "dim1": "cost_trajectory",
        "dim2": "proof_of_impact",
        "correlation": 0.7992589381147926,
        "strength": "high"
      },
      {
        "dim1": "technology_performance",
        "dim2": "cost_trajectory",
        "correlation": 0.7990628116465839,
        "strength": "high"
      },
      {
        "dim1": "technology_performance",
        "dim2": "supply_chain_maturity",
        "correlation": 0.7856029849116732,
        "strength": "high"
      },
      {
        "dim1": "supply_chain_maturity",
        "dim2": "proof_of_impact",
        "correlation": 0.7633553508777281,
        "strength": "high"
      }
    ]
  },
  "pca_analysis": {
    "variance_explained": [
      0.8905621219489419,
      0.04010668085184777,
      0.025501912589478207,
      0.01652036071472303,
      0.010595901081985212,
      0.008099500836087443,
      0.005009653090220325,
      0.0036038688867161815
    ],
    "cumulative_variance": [
      0.8905621219489419,
      0.9306688028007897,
      0.9561707153902679,
      0.972691076104991,
      0.9832869771869761,
      0.9913864780230636,
      0.9963961311132838,
      1.0
    ],
    "n_components_90": 2,
    "n_components_95": 3,
    "n_components_99": 6,